il_adi,ilce_adi,mahalle_adi,tesis_adi,x,y
MANİSA,AKGÜN,-,AKGÜN,28.64938567157995,38.55481854149945
MANİSA,AKGÜN,-,AKGÜN,28.65197562838661,38.54994240850289
