il_adi,ilce_adi,mahalle_adi,tesis_adi,x,y
ORDU,FATSA,DOLUNAY,YAPRAKKENT PARKI 1,37.4744578909442,41.0528444871647
ORDU,FATSA,DOLUNAY,YAPRAKKENT PARKI 2,37.4761898239366,41.0534479992449
ORDU,FATSA,DOLUNAY,DOLUNAY MUHTAR PARKI,37.476045406524,41.0556810232715
ORDU,FATSA,DOLUNAY,KOLEJ PARKI,37.4764702402085,41.0561140904114
ORDU,FATSA,DOLUNAY,MEVLANA PARKI,37.4630789230103,41.0658131056104
