il_adi,ilce_adi,mahalle_adi,tesis_adi,x,y
MANİSA,EMRE,-,EMRE,28.52439112630342,38.62384460492504
MANİSA,EMRE,-,EMRE,28.52272707114286,38.62195566888531
