il_adi,ilce_adi,mahalle_adi,tesis_adi,x,y
BALIKESİR,GÖNEN,100.YIL,100.YIL MH. 3-NOLU TOPLANMA ALANI,27.6638131791609,40.11503478171455
BALIKESİR,GÖNEN,100.YIL,100.YIL MH. 4-NOLU TOPLANMA ALANI,27.6657035303203,40.11500074994903
BALIKESİR,GÖNEN,100.YIL,100.YIL MH. 1-NOLU TOPLANMA ALANI,27.66659770267215,40.11939145096642
BALIKESİR,GÖNEN,100.YIL,100.YIL MH. 2-NOLU TOPLANMA ALANI,27.667781132815584,40.103441630809954
BALIKESİR,GÖNEN,100.YIL,100.YIL MH. 5-NOLU TOPLANMA ALANI,27.663483676582032,40.105974579919405
