il_adi,ilce_adi,mahalle_adi,tesis_adi,x,y
ORDU,GÖLKÖY,DAMARLI,DAMARLI MEYDANI,37.67337900706645,40.758375722180666
ORDU,GÖLKÖY,DAMARLI,DAMARLI OKUL BAHÇESİ,37.66920104999431,40.76062147618537
ORDU,GÖLKÖY,DAMARLI,DAMARLI MEYDANI,37.67337900706645,40.758375722180666
ORDU,GÖLKÖY,DAMARLI,DAMARLI OKUL BAHÇESİ,37.66920104999431,40.76062147618537
ORDU,GÖLKÖY,DAMARLI,DAMARLI MEYDANI,37.6733790070665,40.7583757221807
ORDU,GÖLKÖY,DAMARLI,DAMARLI OKUL BAHÇESİ,37.6692010499943,40.7606214761854
