il_adi,ilce_adi,mahalle_adi,tesis_adi,x,y
MANİSA,SALİHLİ,ZAFER,GARAJ,28.13619713914357,38.4868673771477
MANİSA,SALİHLİ,ZAFER,OTOPARK ALANI,28.1381403897733,38.48653375413913
MANİSA,SALİHLİ,ZAFER,OTOPARK ALANI 2,28.13580740409325,38.48608071979348
MANİSA,SALİHLİ,ZAFER,TRAFİK EĞİTİM FARKI,28.1284375199868,38.48671200023882
