il_adi,ilce_adi,mahalle_adi,tesis_adi,x,y
MANİSA,ZAFERİYE,-,ZAFERİYE,28.6553191677013,38.54669842024545
MANİSA,ZAFERİYE,-,ZAFERİYE,28.65899138468052,38.55066090082873
MANİSA,ZAFERİYE,-,ZAFERİYE,28.66090019742034,38.54859178187889
MANİSA,ZAFERİYE,-,ZAFERİYE,28.65637923192947,38.543728
