il_adi,ilce_adi,mahalle_adi,tesis_adi,x,y
BURSA,YILDIRIM,ERİKLİ,AkpınarParkı,29.137372809999995,40.18978312666667
BURSA,YILDIRIM,ERİKLİ,AyışığıParkı,29.1353818012802,40.18499090385427
BURSA,YILDIRIM,ERİKLİ,Eda Parkı,29.137404706814056,40.187639855128005
BURSA,YILDIRIM,ERİKLİ,Erikli Mahalle Konağı Ve Parkı,29.140287429513087,40.18708658686916
BURSA,YILDIRIM,ERİKLİ,Erikli Spor Parkı,29.134320731056523,40.187827386977325
BURSA,YILDIRIM,ERİKLİ,Hocalı Şehitleri Parkı,29.13999198708857,40.18607591992533
BURSA,YILDIRIM,ERİKLİ,MimozaParkı,29.138342634331888,40.189037403283784
