il_adi,ilce_adi,mahalle_adi,tesis_adi,x,y
ORDU,GÜLYALI,ALİBEY,TOPLANMA ALANI 10,38.062858216560514,40.93713529723992
ORDU,GÜLYALI,ALİBEY,TOPLANMA ALANI 10,38.062858216560514,40.93713529723992
ORDU,GÜLYALI,ALİBEY,TOPLANMA ALANI 10,38.0628582165605,40.9371352972399
