il_adi,ilce_adi,mahalle_adi,tesis_adi,x,y
MANİSA,YENİKÖY,-,YENİKÖY,28.70428536900177,38.435446
MANİSA,YENİKÖY,-,YENİKÖY - OKUL YERİ,28.80556795012019,38.28319549502022
MANİSA,YENİKÖY,-,ATATÜRK İLK VE ORTAOKULU,27.48502661412306,38.68106803725248
MANİSA,YENİKÖY,-,DÜĞÜN SALONU,27.48849389823095,38.68490188883827
