il_adi,ilce_adi,mahalle_adi,tesis_adi,x,y
BURSA,YILDIRIM,HACİVAT,Çınar Parkı (113. Sk.),29.142940566539462,40.19328240424069
BURSA,YILDIRIM,HACİVAT,Hacivat Parkı,29.141857782202102,40.19993055235666
BURSA,YILDIRIM,HACİVAT,Hacivat Parkı 1,29.146532272080787,40.197581225207706
BURSA,YILDIRIM,HACİVAT,KARAGÖZ PARKI,29.14384267522399,40.19831060128466
BURSA,YILDIRIM,HACİVAT,Üstün ÜRÜNDÜL Okulu,29.14646964743035,40.194540519003105
