il_adi,ilce_adi,mahalle_adi,tesis_adi,x,y
KONYA,EREĞLI,-,Ereğli Kwangjin Parkı,34.05112980755462,37.503743316815644
KONYA,EREĞLI,-,Ereğli Yunus Emre ve 15 Temmuz Parkı,34.051075449271636,37.51027692308925
KONYA,EREĞLI,-,Ereğli Stadyumu,34.04472053975567,37.52450437821773
KONYA,EREĞLI,-,Ereğli Pazar Alanı,34.046452271928175,37.502171779304724
KONYA,EREĞLI,-,Ereğli Üniversite Yerleşkesi,34.056698711717274,37.46709771435094
KONYA,EREĞLI,-,Ereğli Atatürk Kültür Parkı,34.064930029121406,37.534581888609445
