il_adi,ilce_adi,mahalle_adi,tesis_adi,x,y
BURSA,NİLÜFER,23 NİSAN,23 Nisan Mah. 244. Sk.,28.948572623891877,40.22000566680887
BURSA,NİLÜFER,23 NİSAN,23 Nisan Mah. 263. Sk.,28.94067518177565,40.22127014642384
BURSA,NİLÜFER,23 NİSAN,23 Nisan Mah. Limon Ağacı Kültür Merkezi,28.93840144415962,40.217733018963436
BURSA,NİLÜFER,23 NİSAN,23 Nisan Parkı Ve Koşu Yolu,28.95068740654199,40.21730543900264
