il_adi,ilce_adi,mahalle_adi,tesis_adi,x,y
MANİSA,BEY,-,BEY,28.6478641609371,38.54933301943775
MANİSA,BEY,-,BEY,28.64573835568295,38.55375625935667
