il_adi,ilce_adi,mahalle_adi,tesis_adi,x,y
MANİSA,SANDAL,-,SANDAL,28.57477547329353,38.57683065728229
MANİSA,SANDAL,-,SANDAL,28.57316708974756,38.5783084193873
