il_adi,ilce_adi,mahalle_adi,tesis_adi,x,y
KONYA,ILGIN,-,Ilgın Lala Parkı,31.916642397904752,38.28144985997779
KONYA,ILGIN,-,Ilgın İnönü İlkokulu,31.90057443427942,38.27580014028138
KONYA,ILGIN,-,Ilgın Ahmet Ali Gezgin İlkokulu,31.878632107641888,38.28415953509084
KONYA,ILGIN,-,Ilgın Kanal Parkı,31.896878913224175,38.283053338827266
KONYA,ILGıN,-,Ilgın Fahrettin Altay Parkı,31.906672271933637,38.27728785310551
KONYA,ILGIN,-,Ilgın Kapalı Halk Pazarı,31.916658553552544,38.28373685701064
KONYA,ILGIN,-,Ilgın Stadyumu,31.891658363809057,38.27517246594657
KONYA,ILGIN,-,Ilgın Argıthanı Cumhuriyet İlkokulu,31.717613713129186,38.28793355770471
KONYA,ILGIN,-,Ilgın Argıthanı Halk Pazarı ve Otogar,31.713271676460625,38.291897717625524
