il_adi,ilce_adi,mahalle_adi,tesis_adi,x,y
KONYA,MERAM,-,Meram Şehit Erol Olçok Parkı,32.45881751141607,37.877378960266725
KONYA,MERAM,-,Meram Evliya Çelebi Parkı,32.45529236890329,37.865522378902575
KONYA,MERAM,-,Meram Gödene Parkı,32.40241240603189,37.74077907446279
KONYA,MERAM,-,Meram Berlika Parkı,32.440999403127435,37.845751269588575
KONYA,MERAM,-,Meram Karaaslan Hadimi Parkı,32.517640753505965,37.80909710475386
KONYA,MERAM,-,Meram Tavusbaba Parkı,32.41924683112274,37.84900401315836
KONYA,MERAM,-,Meram Dutlu Kültür Parkı,32.39757785571812,37.82200926207807
